brand,url
A. Lange & Söhne,https://www.chrono24.com/alangesoehne/index.htm
ABP Paris,https://www.chrono24.com/abpparis/index.htm
AD-Chronographen,https://www.chrono24.com/adchronographen/index.htm
Aerowatch,https://www.chrono24.com/aerowatch/index.htm
Aigle,https://www.chrono24.com/aigle/index.htm
Aigner,https://www.chrono24.com/aigner/index.htm
Alain Silberstein,https://www.chrono24.com/alainsilberstein/index.htm
Alexander Shorokhoff,https://www.chrono24.com/alexandershorokhoff/index.htm
Alfred Dunhill,https://www.chrono24.com/alfreddunhill/index.htm
Alfred Rochat & Fils,https://www.chrono24.com/alfredrochatfils/index.htm
Alpina,https://www.chrono24.com/alpina/index.htm
Andersen Genève,https://www.chrono24.com/andersengenve/index.htm
Andreas Strehler,https://www.chrono24.com/andreasstrehler/index.htm
Angelus,https://www.chrono24.com/angelus/index.htm
Angular Momentum,https://www.chrono24.com/angularmomentum/index.htm
Anonimo,https://www.chrono24.com/anonimo/index.htm
Apple,https://www.chrono24.com/apple/index.htm
Aquanautic,https://www.chrono24.com/aquanautic/index.htm
Aquastar,https://www.chrono24.com/aquastar/index.htm
Aristo,https://www.chrono24.com/aristo/index.htm
Armand Nicolet,https://www.chrono24.com/armandnicolet/index.htm
Armani,https://www.chrono24.com/armani/index.htm
Armin Strom,https://www.chrono24.com/arminstrom/index.htm
Arnold & Son,https://www.chrono24.com/arnoldson/index.htm
Artisanal,https://www.chrono24.com/artisanal/index.htm
Artya,https://www.chrono24.com/artya/index.htm
Askania,https://www.chrono24.com/askania/index.htm
Ateliers deMonaco,https://www.chrono24.com/ateliersdemonaco/index.htm
Atlantic,https://www.chrono24.com/atlantic/index.htm
Audemars Piguet,https://www.chrono24.com/audemarspiguet/index.htm
Auguste Reymond,https://www.chrono24.com/augustereymond/index.htm
Auricoste,https://www.chrono24.com/auricoste/index.htm
Avier,https://www.chrono24.com/avier/index.htm
Azimuth,https://www.chrono24.com/azimuth/index.htm
Azzaro,https://www.chrono24.com/azzaro/index.htm
B.R.M,https://www.chrono24.com/brm/index.htm
Ball,https://www.chrono24.com/ball/index.htm
Balmain,https://www.chrono24.com/balmain/index.htm
Baltic,https://www.chrono24.com/baltic/index.htm
Barington,https://www.chrono24.com/barington/index.htm
Baume & Mercier,https://www.chrono24.com/baumemercier/index.htm
Bedat & Co,https://www.chrono24.com/bedatco/index.htm
Behrens,https://www.chrono24.com/behrens/index.htm
Bell & Ross,https://www.chrono24.com/bellross/index.htm
Benrus,https://www.chrono24.com/benrus/index.htm
Benzinger,https://www.chrono24.com/benzinger/index.htm
Berne,https://www.chrono24.com/berne/index.htm
Bertolucci,https://www.chrono24.com/bertolucci/index.htm
Beuchat,https://www.chrono24.com/beuchat/index.htm
Bifora,https://www.chrono24.com/bifora/index.htm
Black-Out Concept,https://www.chrono24.com/blackoutconcept/index.htm
Blacksand,https://www.chrono24.com/blacksand/index.htm
Blancier,https://www.chrono24.com/blancier/index.htm
Blancpain,https://www.chrono24.com/blancpain/index.htm
blu,https://www.chrono24.com/blu/index.htm
Boegli,https://www.chrono24.com/boegli/index.htm
Bogner Time,https://www.chrono24.com/bognertime/index.htm
Boldr,https://www.chrono24.com/boldr/index.htm
Bomberg,https://www.chrono24.com/bomberg/index.htm
Borgeaud,https://www.chrono24.com/borgeaud/index.htm
Boucheron,https://www.chrono24.com/boucheron/index.htm
Bovet,https://www.chrono24.com/bovet/index.htm
Breguet,https://www.chrono24.com/breguet/index.htm
Breil,https://www.chrono24.com/breil/index.htm
Breitling,https://www.chrono24.com/breitling/index.htm
Bremont,https://www.chrono24.com/bremont/index.htm
Brior,https://www.chrono24.com/brior/index.htm
Bruno Söhnle,https://www.chrono24.com/brunosoehnle/index.htm
Bulgari,https://www.chrono24.com/bulgari/index.htm
Bulova,https://www.chrono24.com/bulova/index.htm
Bunz,https://www.chrono24.com/bunz/index.htm
Burberry,https://www.chrono24.com/burberry/index.htm
BWC-Swiss,https://www.chrono24.com/bwcswiss/index.htm
C.H. Wolf,https://www.chrono24.com/chwolf/index.htm
Cabestan,https://www.chrono24.com/cabestan/index.htm
Cadet Chronostar,https://www.chrono24.com/cadetchronostar/index.htm
Camel Active,https://www.chrono24.com/camelactive/index.htm
Camille Fournet,https://www.chrono24.com/camillefournet/index.htm
Candino,https://www.chrono24.com/candino/index.htm
Carl F. Bucherer,https://www.chrono24.com/carlfbucherer/index.htm
Carlo Ferrara,https://www.chrono24.com/carloferrara/index.htm
Carlo Maroni,https://www.chrono24.com/carlomaroni/index.htm
Cartier,https://www.chrono24.com/cartier/index.htm
Casio,https://www.chrono24.com/casio/index.htm
Catamaran,https://www.chrono24.com/catamaran/index.htm
Catena,https://www.chrono24.com/catena/index.htm
Catorex,https://www.chrono24.com/catorex/index.htm
Cattin,https://www.chrono24.com/cattin/index.htm
Century,https://www.chrono24.com/century/index.htm
Cerruti,https://www.chrono24.com/cerruti/index.htm
Certina,https://www.chrono24.com/certina/index.htm
Chanel,https://www.chrono24.com/chanel/index.htm
Charmex,https://www.chrono24.com/charmex/index.htm
Charriol,https://www.chrono24.com/charriol/index.htm
Chase-Durer,https://www.chrono24.com/chasedurer/index.htm
Chaumet,https://www.chrono24.com/chaumet/index.htm
Chopard,https://www.chrono24.com/chopard/index.htm
Chris Benz,https://www.chrono24.com/chrisbenz/index.htm
Christiaan v.d. Klaauw,https://www.chrono24.com/christiaanvdklaauw/index.htm
Christofle,https://www.chrono24.com/christofle/index.htm
Christophe Claret,https://www.chrono24.com/christopheclaret/index.htm
Christopher Ward,https://www.chrono24.com/christopherward/index.htm
Chronographe Suisse Cie,https://www.chrono24.com/chronographesuissecie/index.htm
Chronoswiss,https://www.chrono24.com/chronoswiss/index.htm
Churpfälzische Uhrenmanufaktur,https://www.chrono24.com/churpfaelzischeuhrenmanufaktur/index.htm
Citizen,https://www.chrono24.com/citizen/index.htm
ck Calvin Klein,https://www.chrono24.com/ckcalvinklein/index.htm
Claude Bernard,https://www.chrono24.com/claudebernard/index.htm
Claude Meylan,https://www.chrono24.com/claudemeylan/index.htm
Clerc,https://www.chrono24.com/clerc/index.htm
Concord,https://www.chrono24.com/concord/index.htm
Condor,https://www.chrono24.com/condor/index.htm
Cornehl,https://www.chrono24.com/cornehl/index.htm
Cornelius & Cie,https://www.chrono24.com/corneliuscie/index.htm
Cortébert,https://www.chrono24.com/cortebert/index.htm
Corum,https://www.chrono24.com/corum/index.htm
Creo,https://www.chrono24.com/creo/index.htm
Crockett & Jones,https://www.chrono24.com/crockettjones/index.htm
Cronus,https://www.chrono24.com/cronus/index.htm
Cuervo y Sobrinos,https://www.chrono24.com/cuervoysobrinos/index.htm
Cvstos,https://www.chrono24.com/cvstos/index.htm
CWC,https://www.chrono24.com/cwc/index.htm
Cyclos,https://www.chrono24.com/cyclos/index.htm
Cyma,https://www.chrono24.com/cyma/index.htm
Cyrus,https://www.chrono24.com/cyrus/index.htm
Czapek,https://www.chrono24.com/czapek/index.htm
D.Dornblüth & Sohn,https://www.chrono24.com/ddornbluethsohn/index.htm
Damasko,https://www.chrono24.com/damasko/index.htm
Daniel Roth,https://www.chrono24.com/danielroth/index.htm
Dark Rush,https://www.chrono24.com/darkrush/index.htm
Davidoff,https://www.chrono24.com/davidoff/index.htm
Davosa,https://www.chrono24.com/davosa/index.htm
De Bethune,https://www.chrono24.com/debethune/index.htm
Decade,https://www.chrono24.com/decade/index.htm
Deep Blue,https://www.chrono24.com/deepblue/index.htm
De Grisogono,https://www.chrono24.com/degrisogono/index.htm
DeLaCour,https://www.chrono24.com/delacour/index.htm
DeLaneau,https://www.chrono24.com/delaneau/index.htm
Delma,https://www.chrono24.com/delma/index.htm
Devon,https://www.chrono24.com/devon/index.htm
Dewitt,https://www.chrono24.com/dewitt/index.htm
Diesel,https://www.chrono24.com/diesel/index.htm
Dietrich,https://www.chrono24.com/dietrich/index.htm
Dior,https://www.chrono24.com/dior/index.htm
Dodane,https://www.chrono24.com/dodane/index.htm
Dolce & Gabbana,https://www.chrono24.com/dolcegabbana/index.htm
Dom Baiz International,https://www.chrono24.com/dombaizinternational/index.htm
Doxa,https://www.chrono24.com/doxa/index.htm
Dubey & Schaldenbrand,https://www.chrono24.com/dubeyschaldenbrand/index.htm
DuBois 1785,https://www.chrono24.com/dubois1785/index.htm
DuBois et fils,https://www.chrono24.com/duboisetfils/index.htm
Dufeau,https://www.chrono24.com/dufeau/index.htm
Dugena,https://www.chrono24.com/dugena/index.htm
Dürmeister,https://www.chrono24.com/duermeister/index.htm
Ebel,https://www.chrono24.com/ebel/index.htm
Eberhard & Co.,https://www.chrono24.com/eberhardco/index.htm
Edox,https://www.chrono24.com/edox/index.htm
Egotempo,https://www.chrono24.com/egotempo/index.htm
Eichmüller,https://www.chrono24.com/eichmueller/index.htm
El Charro,https://www.chrono24.com/elcharro/index.htm
Election,https://www.chrono24.com/election/index.htm
Elgin,https://www.chrono24.com/elgin/index.htm
Elysee,https://www.chrono24.com/elysee/index.htm
Engelhardt,https://www.chrono24.com/engelhardt/index.htm
Enicar,https://www.chrono24.com/enicar/index.htm
Ennebi,https://www.chrono24.com/ennebi/index.htm
Epos,https://www.chrono24.com/epos/index.htm
Ernest Borel,https://www.chrono24.com/ernestborel/index.htm
Ernst Benz,https://www.chrono24.com/ernstbenz/index.htm
Erwin Sattler,https://www.chrono24.com/erwinsattler/index.htm
Esprit,https://www.chrono24.com/esprit/index.htm
Eterna,https://www.chrono24.com/eterna/index.htm
Eulit,https://www.chrono24.com/eulit/index.htm
Eulux,https://www.chrono24.com/eulux/index.htm
F.P.Journe,https://www.chrono24.com/fpjourne/index.htm
Fabergé,https://www.chrono24.com/faberge/index.htm
Favre-Leuba,https://www.chrono24.com/favreleuba/index.htm
Feldo,https://www.chrono24.com/feldo/index.htm
Fendi,https://www.chrono24.com/fendi/index.htm
Festina,https://www.chrono24.com/festina/index.htm
Fiorucci,https://www.chrono24.com/fiorucci/index.htm
Flik Flak,https://www.chrono24.com/flikflak/index.htm
Fluco,https://www.chrono24.com/fluco/index.htm
Fludo,https://www.chrono24.com/fludo/index.htm
Formex,https://www.chrono24.com/formex/index.htm
Fortis,https://www.chrono24.com/fortis/index.htm
Forum,https://www.chrono24.com/forum/index.htm
Fossil,https://www.chrono24.com/fossil/index.htm
Franck Dubarry,https://www.chrono24.com/franckdubarry/index.htm
Franck Muller,https://www.chrono24.com/franckmuller/index.htm
Franc Vila,https://www.chrono24.com/francvila/index.htm
Frederique Constant,https://www.chrono24.com/frederiqueconstant/index.htm
Furlan Marri,https://www.chrono24.com/furlanmarri/index.htm
Gaga Milano,https://www.chrono24.com/gagamilano/index.htm
Gallet,https://www.chrono24.com/gallet/index.htm
Gant,https://www.chrono24.com/gant/index.htm
Gardé,https://www.chrono24.com/garde/index.htm
Garmin,https://www.chrono24.com/garmin/index.htm
Georges V,https://www.chrono24.com/georgesv/index.htm
Gérald Genta,https://www.chrono24.com/geraldgenta/index.htm
Germano & Walter,https://www.chrono24.com/germanowalter/index.htm
Gevril,https://www.chrono24.com/gevril/index.htm
Gigandet,https://www.chrono24.com/gigandet/index.htm
Girard Perregaux,https://www.chrono24.com/girardperregaux/index.htm
Giuliano Mazzuoli,https://www.chrono24.com/giulianomazzuoli/index.htm
Glashütte Original,https://www.chrono24.com/glashuetteoriginal/index.htm
Glycine,https://www.chrono24.com/glycine/index.htm
Graf,https://www.chrono24.com/graf/index.htm
Graham,https://www.chrono24.com/graham/index.htm
Grand Seiko,https://www.chrono24.com/grandseiko/index.htm
Greubel Forsey,https://www.chrono24.com/greubelforsey/index.htm
Grönefeld,https://www.chrono24.com/groenefeld/index.htm
Grovana,https://www.chrono24.com/grovana/index.htm
Gruen,https://www.chrono24.com/gruen/index.htm
Gübelin,https://www.chrono24.com/guebelin/index.htm
GUB Glashütte,https://www.chrono24.com/gubglashuette/index.htm
Gucci,https://www.chrono24.com/gucci/index.htm
Guess,https://www.chrono24.com/guess/index.htm
Gul Watches,https://www.chrono24.com/gulwatches/index.htm
Guy Laroche,https://www.chrono24.com/guylaroche/index.htm
H.I.D. Watch,https://www.chrono24.com/hidwatch/index.htm
H.Moser & Cie.,https://www.chrono24.com/hmosercie/index.htm
Habring²,https://www.chrono24.com/habring/index.htm
Hacher,https://www.chrono24.com/hacher/index.htm
Haemmer,https://www.chrono24.com/haemmer/index.htm
Hagal,https://www.chrono24.com/hagal/index.htm
Hamilton,https://www.chrono24.com/hamilton/index.htm
Hanhart,https://www.chrono24.com/hanhart/index.htm
Harry Winston,https://www.chrono24.com/harrywinston/index.htm
Hautlence,https://www.chrono24.com/hautlence/index.htm
HD3,https://www.chrono24.com/hd3/index.htm
Hebdomas,https://www.chrono24.com/hebdomas/index.htm
Hebe,https://www.chrono24.com/hebe/index.htm
Helvetia,https://www.chrono24.com/helvetia/index.htm
Hentschel Hamburg,https://www.chrono24.com/hentschelhamburg/index.htm
Hermès,https://www.chrono24.com/herms/index.htm
Herzog,https://www.chrono24.com/herzog/index.htm
Heuer,https://www.chrono24.com/heuer/index.htm
Hirsch,https://www.chrono24.com/hirsch/index.htm
Hublot,https://www.chrono24.com/hublot/index.htm
Hugo Boss,https://www.chrono24.com/hugoboss/index.htm
HYT,https://www.chrono24.com/hyt/index.htm
Ice Watch,https://www.chrono24.com/icewatch/index.htm
Ikepod,https://www.chrono24.com/ikepod/index.htm
Illinois,https://www.chrono24.com/illinois/index.htm
Ingersoll,https://www.chrono24.com/ingersoll/index.htm
Invicta,https://www.chrono24.com/invicta/index.htm
Iron Annie,https://www.chrono24.com/ironannie/index.htm
Itay Noy,https://www.chrono24.com/itaynoy/index.htm
IWC,https://www.chrono24.com/iwc/index.htm
Jacob & Co.,https://www.chrono24.com/jacobco/index.htm
Jacques Etoile,https://www.chrono24.com/jacquesetoile/index.htm
Jacques Lemans,https://www.chrono24.com/jacqueslemans/index.htm
Jaeger-LeCoultre,https://www.chrono24.com/jaegerlecoultre/index.htm
Jaermann & Stübi,https://www.chrono24.com/jaermannstuebi/index.htm
Jaquet-Droz,https://www.chrono24.com/jaquetdroz/index.htm
JB Gioacchino,https://www.chrono24.com/jbgioacchino/index.htm
Jean d'Eve,https://www.chrono24.com/jeandeve/index.htm
Jean Lassale,https://www.chrono24.com/jeanlassale/index.htm
Jean Marcel,https://www.chrono24.com/jeanmarcel/index.htm
JeanRichard,https://www.chrono24.com/jeanrichard/index.htm
Joop,https://www.chrono24.com/joop/index.htm
Jorg Hysek,https://www.chrono24.com/jorghysek/index.htm
Jules Jürgensen,https://www.chrono24.com/julesjuergensen/index.htm
Junghans,https://www.chrono24.com/junghans/index.htm
Junkers,https://www.chrono24.com/junkers/index.htm
Justex,https://www.chrono24.com/justex/index.htm
Juvenia,https://www.chrono24.com/juvenia/index.htm
Kelek,https://www.chrono24.com/kelek/index.htm
KHS,https://www.chrono24.com/khs/index.htm
KHS-Watch,https://www.chrono24.com/khswatch/index.htm
Kienzle,https://www.chrono24.com/kienzle/index.htm
Kleber Uhrenatelier,https://www.chrono24.com/kleberuhrenatelier/index.htm
Kobold,https://www.chrono24.com/kobold/index.htm
Konstantin Chaykin,https://www.chrono24.com/konstantinchaykin/index.htm
Korloff,https://www.chrono24.com/korloff/index.htm
Krieger,https://www.chrono24.com/krieger/index.htm
Kronsegler,https://www.chrono24.com/kronsegler/index.htm
L.Leroy,https://www.chrono24.com/lleroy/index.htm
L'Epée,https://www.chrono24.com/lepee/index.htm
Laco,https://www.chrono24.com/laco/index.htm
Lacoste,https://www.chrono24.com/lacoste/index.htm
Lancaster,https://www.chrono24.com/lancaster/index.htm
Lanco,https://www.chrono24.com/lanco/index.htm
Lang & Heyne,https://www.chrono24.com/langheyne/index.htm
Laurent Ferrier,https://www.chrono24.com/laurentferrier/index.htm
Lebeau-Courally,https://www.chrono24.com/lebeaucourally/index.htm
Leinfelder,https://www.chrono24.com/leinfelder/index.htm
Lemania,https://www.chrono24.com/lemania/index.htm
Leonidas,https://www.chrono24.com/leonidas/index.htm
Limes,https://www.chrono24.com/limes/index.htm
Lindburgh + Benson,https://www.chrono24.com/lindburghbenson/index.htm
Linde Werdelin,https://www.chrono24.com/lindewerdelin/index.htm
Lip,https://www.chrono24.com/lip/index.htm
Liv Watches,https://www.chrono24.com/livwatches/index.htm
Locman,https://www.chrono24.com/locman/index.htm
Longines,https://www.chrono24.com/longines/index.htm
Longio,https://www.chrono24.com/longio/index.htm
Lorenz,https://www.chrono24.com/lorenz/index.htm
Lorus,https://www.chrono24.com/lorus/index.htm
Louis Erard,https://www.chrono24.com/louiserard/index.htm
Louis Moinet,https://www.chrono24.com/louismoinet/index.htm
Louis Vuitton,https://www.chrono24.com/louisvuitton/index.htm
Louis XVI,https://www.chrono24.com/louisxvi/index.htm
Lucien Rochat,https://www.chrono24.com/lucienrochat/index.htm
Ludovic Ballouard,https://www.chrono24.com/ludovicballouard/index.htm
Luminox,https://www.chrono24.com/luminox/index.htm
Lüm-Tec,https://www.chrono24.com/luemtec/index.htm
M.A.D. Editions,https://www.chrono24.com/madeditions/index.htm
M&M Swiss Watch,https://www.chrono24.com/mmswisswatch/index.htm
Marburger,https://www.chrono24.com/marburger/index.htm
Marcello C.,https://www.chrono24.com/marcelloc/index.htm
Margi,https://www.chrono24.com/margi/index.htm
Marlboro,https://www.chrono24.com/marlboro/index.htm
Martin Braun,https://www.chrono24.com/martinbraun/index.htm
Marvin,https://www.chrono24.com/marvin/index.htm
Maserati,https://www.chrono24.com/maserati/index.htm
Mathey-Tissot,https://www.chrono24.com/matheytissot/index.htm
Mauboussin,https://www.chrono24.com/mauboussin/index.htm
Maurice Blum,https://www.chrono24.com/mauriceblum/index.htm
Maurice de Mauriac,https://www.chrono24.com/mauricedemauriac/index.htm
Maurice Lacroix,https://www.chrono24.com/mauricelacroix/index.htm
Mb&f,https://www.chrono24.com/mbf/index.htm
Meccaniche Veloci,https://www.chrono24.com/meccanicheveloci/index.htm
Meistersinger,https://www.chrono24.com/meistersinger/index.htm
Mercure,https://www.chrono24.com/mercure/index.htm
Mercury,https://www.chrono24.com/mercury/index.htm
Meva,https://www.chrono24.com/meva/index.htm
MEXX Time,https://www.chrono24.com/mexxtime/index.htm
Meyers,https://www.chrono24.com/meyers/index.htm
Michael Bittel,https://www.chrono24.com/michaelbittel/index.htm
Michael Kors,https://www.chrono24.com/michaelkors/index.htm
Michele,https://www.chrono24.com/michele/index.htm
Michel Herbelin,https://www.chrono24.com/michelherbelin/index.htm
Michel Jordi,https://www.chrono24.com/micheljordi/index.htm
Mido,https://www.chrono24.com/mido/index.htm
Milleret,https://www.chrono24.com/milleret/index.htm
Milus,https://www.chrono24.com/milus/index.htm
Minerva,https://www.chrono24.com/minerva/index.htm
Ming,https://www.chrono24.com/ming/index.htm
Momentum,https://www.chrono24.com/momentum/index.htm
Momo Design,https://www.chrono24.com/momodesign/index.htm
Mondaine,https://www.chrono24.com/mondaine/index.htm
Mondia,https://www.chrono24.com/mondia/index.htm
Montano,https://www.chrono24.com/montano/index.htm
Montblanc,https://www.chrono24.com/montblanc/index.htm
Montega,https://www.chrono24.com/montega/index.htm
Morellato,https://www.chrono24.com/morellato/index.htm
Moritz Grossmann,https://www.chrono24.com/moritzgrossmann/index.htm
Movado,https://www.chrono24.com/movado/index.htm
Mühle Glashütte,https://www.chrono24.com/muehleglashuette/index.htm
N.B. Yäeger,https://www.chrono24.com/nbyaeeger/index.htm
N.O.A,https://www.chrono24.com/noa/index.htm
Naj-Oleari,https://www.chrono24.com/najoleari/index.htm
Nautica,https://www.chrono24.com/nautica/index.htm
Nauticfish,https://www.chrono24.com/nauticfish/index.htm
Nethuns,https://www.chrono24.com/nethuns/index.htm
Nike,https://www.chrono24.com/nike/index.htm
Nina Ricci,https://www.chrono24.com/ninaricci/index.htm
Nivada,https://www.chrono24.com/nivada/index.htm
Nivrel,https://www.chrono24.com/nivrel/index.htm
Nixon,https://www.chrono24.com/nixon/index.htm
NOMOS,https://www.chrono24.com/nomos/index.htm
Nouvelle Horlogerie Calabrese (NHC),https://www.chrono24.com/nouvellehorlogeriecalabresenhc/index.htm
ODM,https://www.chrono24.com/odm/index.htm
Officina del Tempo,https://www.chrono24.com/officinadeltempo/index.htm
Offshore Limited,https://www.chrono24.com/offshorelimited/index.htm
Ollech & Wajs,https://www.chrono24.com/ollechwajs/index.htm
Omega,https://www.chrono24.com/omega/index.htm
Orator,https://www.chrono24.com/orator/index.htm
Orbita,https://www.chrono24.com/orbita/index.htm
Orfina,https://www.chrono24.com/orfina/index.htm
Orient,https://www.chrono24.com/orient/index.htm
Oris,https://www.chrono24.com/oris/index.htm
Otumm,https://www.chrono24.com/otumm/index.htm
Out of Order,https://www.chrono24.com/outoforder/index.htm
Pacardt,https://www.chrono24.com/pacardt/index.htm
Panerai,https://www.chrono24.com/panerai/index.htm
Parmigiani Fleurier,https://www.chrono24.com/parmigianifleurier/index.htm
Patek Philippe,https://www.chrono24.com/patekphilippe/index.htm
Paul Picot,https://www.chrono24.com/paulpicot/index.htm
Pequignet,https://www.chrono24.com/pequignet/index.htm
Perigáum,https://www.chrono24.com/perigaum/index.htm
Perrelet,https://www.chrono24.com/perrelet/index.htm
Perseo,https://www.chrono24.com/perseo/index.htm
Phantoms,https://www.chrono24.com/phantoms/index.htm
Philip Stein,https://www.chrono24.com/philipstein/index.htm
Philip Watch,https://www.chrono24.com/philipwatch/index.htm
Piaget,https://www.chrono24.com/piaget/index.htm
Pierre Balmain,https://www.chrono24.com/pierrebalmain/index.htm
Pierre Cardin,https://www.chrono24.com/pierrecardin/index.htm
Pierre DeRoche,https://www.chrono24.com/pierrederoche/index.htm
Pierre Kunz,https://www.chrono24.com/pierrekunz/index.htm
Police,https://www.chrono24.com/police/index.htm
Poljot,https://www.chrono24.com/poljot/index.htm
Porsche Design,https://www.chrono24.com/porschedesign/index.htm
Preisig Schaffhausen,https://www.chrono24.com/preisigschaffhausen/index.htm
Prim,https://www.chrono24.com/prim/index.htm
Pro-Hunter,https://www.chrono24.com/prohunter/index.htm
Pryngeps,https://www.chrono24.com/pryngeps/index.htm
Pulsar,https://www.chrono24.com/pulsar/index.htm
Puma,https://www.chrono24.com/puma/index.htm
Quinting,https://www.chrono24.com/quinting/index.htm
Rado,https://www.chrono24.com/rado/index.htm
Raidillon,https://www.chrono24.com/raidillon/index.htm
Rainer Brand,https://www.chrono24.com/rainerbrand/index.htm
Rainer Nienaber,https://www.chrono24.com/rainernienaber/index.htm
Raketa,https://www.chrono24.com/raketa/index.htm
Ralf Tech,https://www.chrono24.com/ralftech/index.htm
Ralph Lauren,https://www.chrono24.com/ralphlauren/index.htm
Raymond Weil,https://www.chrono24.com/raymondweil/index.htm
Rebellion,https://www.chrono24.com/rebellion/index.htm
Record,https://www.chrono24.com/record/index.htm
REC Watches,https://www.chrono24.com/recwatches/index.htm
René Mouris,https://www.chrono24.com/renemouris/index.htm
Ressence,https://www.chrono24.com/ressence/index.htm
Revue Thommen,https://www.chrono24.com/revuethommen/index.htm
RGM,https://www.chrono24.com/rgm/index.htm
Richard Mille,https://www.chrono24.com/richardmille/index.htm
Rios1931,https://www.chrono24.com/rios1931/index.htm
Roamer,https://www.chrono24.com/roamer/index.htm
Roger Dubuis,https://www.chrono24.com/rogerdubuis/index.htm
Rolex,https://www.chrono24.com/rolex/index.htm
Rolf Lang,https://www.chrono24.com/rolflang/index.htm
Romain Jerome,https://www.chrono24.com/romainjerome/index.htm
Rotary,https://www.chrono24.com/rotary/index.htm
Rothenschild,https://www.chrono24.com/rothenschild/index.htm
ROWI,https://www.chrono24.com/rowi/index.htm
RSW,https://www.chrono24.com/rsw/index.htm
Ryser Kentfield,https://www.chrono24.com/ryserkentfield/index.htm
S.Oliver,https://www.chrono24.com/soliver/index.htm
S.T. Dupont,https://www.chrono24.com/stdupont/index.htm
Salvatore Ferragamo,https://www.chrono24.com/salvatoreferragamo/index.htm
Sandoz,https://www.chrono24.com/sandoz/index.htm
Sarcar,https://www.chrono24.com/sarcar/index.htm
Scalfaro,https://www.chrono24.com/scalfaro/index.htm
Schäuble & Söhne,https://www.chrono24.com/schaeublesoehne/index.htm
Schaumburg,https://www.chrono24.com/schaumburg/index.htm
Schwarz Etienne,https://www.chrono24.com/schwarzetienne/index.htm
Sea-God,https://www.chrono24.com/seagod/index.htm
Sea-Gull,https://www.chrono24.com/seagull/index.htm
Sector,https://www.chrono24.com/sector/index.htm
Seiko,https://www.chrono24.com/seiko/index.htm
Sekford,https://www.chrono24.com/sekford/index.htm
Sevenfriday,https://www.chrono24.com/sevenfriday/index.htm
Shinola,https://www.chrono24.com/shinola/index.htm
Sicura,https://www.chrono24.com/sicura/index.htm
Sinn,https://www.chrono24.com/sinn/index.htm
Skagen,https://www.chrono24.com/skagen/index.htm
Slava,https://www.chrono24.com/slava/index.htm
Snyper,https://www.chrono24.com/snyper/index.htm
Sothis,https://www.chrono24.com/sothis/index.htm
Speake-Marin,https://www.chrono24.com/speakemarin/index.htm
Spinnaker,https://www.chrono24.com/spinnaker/index.htm
Squale,https://www.chrono24.com/squale/index.htm
St. Gallen,https://www.chrono24.com/stgallen/index.htm
Starkiin,https://www.chrono24.com/starkiin/index.htm
Steelcraft,https://www.chrono24.com/steelcraft/index.htm
Steinhart,https://www.chrono24.com/steinhart/index.htm
Stowa,https://www.chrono24.com/stowa/index.htm
Strom,https://www.chrono24.com/strom/index.htm
Stuhrling,https://www.chrono24.com/stuhrling/index.htm
Swatch,https://www.chrono24.com/swatch/index.htm
Swiss Military,https://www.chrono24.com/swissmilitary/index.htm
TAG Heuer,https://www.chrono24.com/tagheuer/index.htm
Tavannes,https://www.chrono24.com/tavannes/index.htm
TB Buti,https://www.chrono24.com/tbbuti/index.htm
Technomarine,https://www.chrono24.com/technomarine/index.htm
Technos,https://www.chrono24.com/technos/index.htm
Temption,https://www.chrono24.com/temption/index.htm
Tempvs Compvtare,https://www.chrono24.com/tempvscompvtare/index.htm
Tendence,https://www.chrono24.com/tendence/index.htm
Terra Cielo Mare,https://www.chrono24.com/terracielomare/index.htm
Theorein,https://www.chrono24.com/theorein/index.htm
Thomas Ninchritz,https://www.chrono24.com/thomasninchritz/index.htm
Thorr,https://www.chrono24.com/thorr/index.htm
Tiffany,https://www.chrono24.com/tiffany/index.htm
Timberland Watches,https://www.chrono24.com/timberlandwatches/index.htm
Timex,https://www.chrono24.com/timex/index.htm
Tissot,https://www.chrono24.com/tissot/index.htm
Titus,https://www.chrono24.com/titus/index.htm
Tokyo Flash,https://www.chrono24.com/tokyoflash/index.htm
Tommy Hilfiger,https://www.chrono24.com/tommyhilfiger/index.htm
Tonino Lamborghini,https://www.chrono24.com/toninolamborghini/index.htm
Torrini,https://www.chrono24.com/torrini/index.htm
Traser,https://www.chrono24.com/traser/index.htm
Tudor,https://www.chrono24.com/tudor/index.htm
Tutima,https://www.chrono24.com/tutima/index.htm
TW Steel,https://www.chrono24.com/twsteel/index.htm
U-Boat,https://www.chrono24.com/uboat/index.htm
Ulysse Nardin,https://www.chrono24.com/ulyssenardin/index.htm
Unikatuhren,https://www.chrono24.com/unikatuhren/index.htm
Union Glashütte,https://www.chrono24.com/unionglashuette/index.htm
Universal Genève,https://www.chrono24.com/universalgenve/index.htm
Urban Jürgensen,https://www.chrono24.com/urbanjuergensen/index.htm
Urwerk,https://www.chrono24.com/urwerk/index.htm
Vacheron Constantin,https://www.chrono24.com/vacheronconstantin/index.htm
Valbray,https://www.chrono24.com/valbray/index.htm
Valentino,https://www.chrono24.com/valentino/index.htm
Van Cleef & Arpels,https://www.chrono24.com/vancleefarpels/index.htm
Van Der Bauwede,https://www.chrono24.com/vanderbauwede/index.htm
Vangarde,https://www.chrono24.com/vangarde/index.htm
Venezianico,https://www.chrono24.com/venezianico/index.htm
Ventura,https://www.chrono24.com/ventura/index.htm
Versace,https://www.chrono24.com/versace/index.htm
Vianney Halter,https://www.chrono24.com/vianneyhalter/index.htm
Viceroy,https://www.chrono24.com/viceroy/index.htm
Victorinox Swiss Army,https://www.chrono24.com/victorinoxswissarmy/index.htm
Vigoria Miletto,https://www.chrono24.com/vigoriamiletto/index.htm
Villemont,https://www.chrono24.com/villemont/index.htm
Vincent Calabrese,https://www.chrono24.com/vincentcalabrese/index.htm
Visconti,https://www.chrono24.com/visconti/index.htm
Vixa,https://www.chrono24.com/vixa/index.htm
Vogard,https://www.chrono24.com/vogard/index.htm
Vollmer,https://www.chrono24.com/vollmer/index.htm
Volna,https://www.chrono24.com/volna/index.htm
Von Wangenheim,https://www.chrono24.com/vonwangenheim/index.htm
Vostok,https://www.chrono24.com/vostok/index.htm
Voutilainen,https://www.chrono24.com/voutilainen/index.htm
Vulcain,https://www.chrono24.com/vulcain/index.htm
Wakmann,https://www.chrono24.com/wakmann/index.htm
Waltham,https://www.chrono24.com/waltham/index.htm
Welder,https://www.chrono24.com/welder/index.htm
Wempe,https://www.chrono24.com/wempe/index.htm
Wenger,https://www.chrono24.com/wenger/index.htm
Werenbach,https://www.chrono24.com/werenbach/index.htm
Wittnauer,https://www.chrono24.com/wittnauer/index.htm
Wyler,https://www.chrono24.com/wyler/index.htm
Wyler Vetta,https://www.chrono24.com/wylervetta/index.htm
Xemex,https://www.chrono24.com/xemex/index.htm
Xetum,https://www.chrono24.com/xetum/index.htm
Yantar,https://www.chrono24.com/yantar/index.htm
Yema,https://www.chrono24.com/yema/index.htm
Yes Watch,https://www.chrono24.com/yeswatch/index.htm
Yves Saint Laurent,https://www.chrono24.com/yvessaintlaurent/index.htm
Zeitwinkel,https://www.chrono24.com/zeitwinkel/index.htm
Zenith,https://www.chrono24.com/zenith/index.htm
Zeno-Watch Basel,https://www.chrono24.com/zenowatchbasel/index.htm
ZentRa,https://www.chrono24.com/zentra/index.htm
Zeppelin,https://www.chrono24.com/zeppelin/index.htm
Zodiac,https://www.chrono24.com/zodiac/index.htm
ZRC,https://www.chrono24.com/zrc/index.htm
